Headline,Link
"Kwakye Ofosu: Dampare remains valuable, should be in high demand",https://citinewsroom.com/2025/03/kwakye-ofosu-dampare-remains-valuable-should-be-in-high-demand/
Scrap COVID-19 levy as promised – Ahiagbah challenges govt,https://citinewsroom.com/2025/03/scrap-covid-19-levy-as-promised-ahiagbah-challenges-govt/
Mona Quartey cautions against increased levy on mining sector,https://citinewsroom.com/2025/03/mona-quartey-cautions-against-increased-levy-on-mining-sector/
We can only wish Dampare well – Kwakye Ofosu,https://citinewsroom.com/2025/03/we-can-only-wish-dampare-well-kwakye-ofosu/
Calls for prosecution in ORAL report premature – Domelevo,https://citinewsroom.com/2025/03/calls-for-prosecution-in-oral-report-premature-domelevo/
Ofori-Atta sues OSP for declaring him wanted,https://citinewsroom.com/2025/03/ofori-atta-sues-osp-for-declaring-him-wanted/
GACL dismisses widespread reports of unfair promotions,https://citinewsroom.com/2025/03/gacl-dismisses-widespread-reports-of-unfair-promotions/
"Mahama’s dismissal of Dampare was cold, lacked empathy – Franklin Cudjoe",https://citinewsroom.com/2025/03/mahamas-dismissal-of-dampare-was-cold-lacked-empathy-franklin-cudjoe/
I have not been arrested – Rev. Kusi-Boateng clarifies,https://citinewsroom.com/2025/03/i-have-not-been-arrested-rev-kusi-boateng-clarifies/
Prof Agyeman-Duah: Mahama did nothing wrong replacing Dampare,https://citinewsroom.com/2025/03/prof-agyeman-duah-mahama-did-nothing-wrong-replacing-dampare/
Dampare’s inaction on post-election violence a dent on his record – Ahiagbah,https://citinewsroom.com/2025/03/dampares-inaction-on-post-election-violence-a-dent-on-his-record-ahiagbah/
The Chat: Borga Highlife introduced Ghanaian music to other genres – Bessa Simons,https://citinewsroom.com/2025/03/the-chat-borga-highlife-introduced-ghanaian-music-to-other-genres-bessa-simons/
Kofi Bentil: Injunction renders Yohuno’s appointment contemptuous,https://citinewsroom.com/2025/03/kofi-bentil-injunction-renders-yohunos-appointment-contemptuous/
NDC inherited an economy better than what it left in 2017 – Ahiagbah,https://citinewsroom.com/2025/03/ndc-inherited-an-economy-better-than-what-it-left-in-2017-ahiagbah/
Mark Carney sworn in as Canada’s new Prime Minister,https://citinewsroom.com/2025/03/mark-carney-sworn-in-as-canadas-new-prime-minister/
"Eyewitness News, Monday, 10th March, 2025",https://citinewsroom.com/2025/03/eyewitness-news-monday-10th-march-2025/
"Citi Breakfast Show, Monday, 10th March, 2025",https://citinewsroom.com/2025/03/citi-breakfast-show-monday-10th-march-2025/
Heritage on-Air Series | Celebrating Iconic Ghanaian Music | Ep5,https://citinewsroom.com/2025/03/heritage-on-air-series-the-story-of-ghanaian-music-through-the-years-ep5/
"FamLife | Ghanaian Marriage Paradigms | Saturday, 8th March, 2025",https://citinewsroom.com/2025/03/famlife-ghanaian-marriage-paradigms-saturday-8th-march-2025/
"Kwakye Ofosu: Dampare remains valuable, should be in high demand",https://citinewsroom.com/2025/03/kwakye-ofosu-dampare-remains-valuable-should-be-in-high-demand/
Scrap COVID-19 levy as promised – Ahiagbah challenges govt,https://citinewsroom.com/2025/03/scrap-covid-19-levy-as-promised-ahiagbah-challenges-govt/
We can only wish Dampare well – Kwakye Ofosu,https://citinewsroom.com/2025/03/we-can-only-wish-dampare-well-kwakye-ofosu/
Calls for prosecution in ORAL report premature – Domelevo,https://citinewsroom.com/2025/03/calls-for-prosecution-in-oral-report-premature-domelevo/
Ofori-Atta sues OSP for declaring him wanted,https://citinewsroom.com/2025/03/ofori-atta-sues-osp-for-declaring-him-wanted/
Mona Quartey cautions against increased levy on mining sector,https://citinewsroom.com/2025/03/mona-quartey-cautions-against-increased-levy-on-mining-sector/
GACL dismisses widespread reports of unfair promotions,https://citinewsroom.com/2025/03/gacl-dismisses-widespread-reports-of-unfair-promotions/
Private sector will benefit from T-bill oversubscription – Mona Quartey,https://citinewsroom.com/2025/03/private-sector-will-benefit-from-t-bill-oversubscription-mona-quartey/
Ecobank’s Josephine Anan-Ankomah honored with Doctor of Laws by UG,https://citinewsroom.com/2025/03/ecobanks-josephine-anan-ankomah-honored-with-doctor-of-laws-by-ug/
"2025 budget has good prospects, let’s be patient – Economist to Ghanaians",https://citinewsroom.com/2025/03/2025-budget-has-good-prospects-lets-be-patient-economist-to-ghanaians/
Ghana Boundary Commission to restore displaced international markers,https://citinewsroom.com/2025/03/ghana-boundary-commission-to-restore-displaced-international-markers/
Sandvik Mining celebrates 10 million work hours without injury,https://citinewsroom.com/2025/03/sandvik-mining-celebrates-10-million-work-hours-without-injury/
Men exhibit culinary skills at 8th Edition of UEW COMSSA Cook off,https://citinewsroom.com/2025/03/men-exhibit-culinary-skills-at-8th-edition-of-uew-comssa-cook-off/
Greenland tells Trump: ‘Enough is enough’,https://citinewsroom.com/2025/03/greenland-tells-trump-enough-is-enough/
CESPAG hails Mahama over National Economic Dialogue,https://citinewsroom.com/2025/03/cespag-hails-mahama-over-national-economic-dialogue/
Formula 1: What fans of the Queen of Motorsport can expect from the 2025 season,https://citinewsroom.com/2025/03/formula-1-what-fans-of-the-queen-of-motorsport-can-expect-fromthe-2025-season/
Partey returns as Otto Addo names squad for World Cup qualifiers,https://citinewsroom.com/2025/03/partey-returns-as-otto-addo-names-squad-for-world-cup-qualifiers/
Nigeria ‘desperate’ to reach 2026 World Cup – Osimhen,https://citinewsroom.com/2025/03/nigeria-desperate-to-reach-2026-world-cup-osimhen/
Australian F1 GP: Lewis Hamilton itching to make Ferrari debut,https://citinewsroom.com/2025/03/australian-f1-gp-lewis-hamilton-itching-to-make-ferrari-debut/
Late Hudson-Odoi strike earns Forest victory over Man City,https://citinewsroom.com/2025/03/late-hudson-odoi-strike-earns-forest-victory-over-man-city/
The Chat: Borga Highlife introduced Ghanaian music to other genres – Bessa Simons,https://citinewsroom.com/2025/03/the-chat-borga-highlife-introduced-ghanaian-music-to-other-genres-bessa-simons/
26th TGMA nominees to drop on March 15,https://citinewsroom.com/2025/03/26th-tgma-nominees-to-drop-on-march-15/
I thank God that I’m still alive – Kofi Adoma,https://citinewsroom.com/2025/03/i-thank-god-that-im-still-alive-kofi-adoma/
Joselyn Dumas not appointed to any position – Kwakye Ofosu,https://citinewsroom.com/2025/03/joselyn-dumas-not-appointed-to-any-position-kwakye-ofosu/
I wished I had died – Kofi Adoma opens up,https://citinewsroom.com/2025/03/i-wished-i-had-died-kofi-adoma-opens-up/
"US expels South Africa’s ambassador, calling him ‘race-baiting’ Trump hater",https://citinewsroom.com/2025/03/us-expels-south-africas-ambassador-calling-him-race-baiting-trump-hater/
SpaceX capsule docks as astronauts prepare return after nine months,https://citinewsroom.com/2025/03/spacex-capsule-docks-as-astronauts-prepare-return-after-nine-months/
US launches wave of air strikes on Yemen’s Houthis,https://citinewsroom.com/2025/03/us-launches-wave-of-air-strikes-on-yemens-houthis/
Rwanda entrepreneur turns discarded tires into fashionable footwear,https://citinewsroom.com/2025/03/rwanda-entrepreneur-turns-discarded-tires-into-fashionable-footwear/
Man who stalked Cheryl Tweedy jailed for 16 weeks,https://citinewsroom.com/2025/03/man-who-stalked-cheryl-tweedy-jailed-for-16-weeks/
Global smartwatch sales fall for first time,https://citinewsroom.com/2025/03/global-smartwatch-sales-fall-for-first-time/
North Korean hackers cash out hundreds of millions from $1.5bn ByBit hack,https://citinewsroom.com/2025/03/north-korean-hackers-cash-out-hundreds-of-millions-from-1-5bn-bybit-hack/
TECNO launches CAMON 40 Series and AI innovations at MWC Barcelona 2025,https://citinewsroom.com/2025/03/tecno-launches-camon-40-series-and-ai-innovations-at-mwc-barcelona-2025/
Workspace Global Turns 10: The Startup Transforming How African Businesses Access Creative Talent,https://citinewsroom.com/2025/03/workspace-global-turns-10-the-startup-transforming-how-african-businesses-access-creative-talent/
Nvidia says AI chip sales strong despite DeepSeek fears,https://citinewsroom.com/2025/02/nvidia-says-ai-chip-sales-strong-despite-deepseek-fears/
Ashanti Region records 1000 maternal deaths between 2020 and 2024,https://citinewsroom.com/2025/03/ashanti-region-records-1000-maternal-deaths-between-2020-and-2024/
Only GH¢4m was allocated to free dialysis programme – Akandoh,https://citinewsroom.com/2025/03/only-gh%c2%a24m-was-allocated-to-free-dialysis-programme-akandoh/
Chamber of Pharmacy calls for targeted support for pharmaceutical industry,https://citinewsroom.com/2025/03/chamber-of-pharmacy-calls-for-targeted-support-for-pharmaceutical-industry/
Mahama seeks external support to complete Agenda 111 projects,https://citinewsroom.com/2025/03/mahama-seeks-external-support-to-complete-agenda-111-projects/
Chamber of Pharmacy calls for punitive measures against Tramadol 225 abuse,https://citinewsroom.com/2025/03/chamber-of-pharmacy-calls-for-punitive-measures-against-tramadol-225-abuse/
The 2025 budget proposal and its implications for Ghana’s mineral revenue management,https://citinewsroom.com/2025/03/the-2025-budget-proposal-and-its-implications-for-ghanas-mineral-revenue-management/
How data-driven strategies can keep banks resilient and prevent financial crises in Africa – Victor Agbeve writes,https://citinewsroom.com/2025/03/how-data-driven-strategies-can-keep-banks-resilient-and-prevent-financial-crises-in-africa-victor-agbeve-writes/
Resetting the Ghanaian economy through agriculture and agribusiness; the role of faith-based institutions,https://citinewsroom.com/2025/03/1154545/
"Holistic agricultural approach: Emphasis on youth empowerment, rural development – Bagbara Tanko writes",https://citinewsroom.com/2025/03/holistic-agricultural-approach-emphasis-on-youth-empowerment-rural-development-bagbara-tanko-writes/
Promoting food security and empowering women in agribusiness: Charity M.E Adupong’s vision with Meannan Foods,https://citinewsroom.com/2025/03/promoting-food-security-and-empowering-women-in-agribusiness-charity-m-e-adupongs-vision-with-meannan-foods/
